heigth,width,filename
251,201,Image_001.jpg
183,275,Image_002.jpg
256,197,Image_003.jpg
1067,800,Image_004.jpg
483,635,Image_005.jpg
2160,4096,Image_006.jpg
700,700,Image_007.jpg
1300,864,Image_008.jpg
348,272,Image_009.jpg
225,225,Image_010.jpg
203,248,Image_011.jpg
332,590,Image_012.jpg
188,268,Image_013.jpg
439,660,Image_014.jpg
1300,866,Image_015.jpg
1960,3008,Image_016.jpg
659,984,Image_017.jpg
667,962,Image_018.jpg
550,440,Image_019.jpg
425,754,Image_020.jpg
1056,1546,Image_021.jpg
1200,2000,Image_022.jpg
472,840,Image_023.jpg
687,1374,Image_024.jpg
1079,1440,Image_025.jpg
348,620,Image_026.jpg
600,900,Image_027.jpg
183,275,Image_028.jpg
667,1000,Image_029.jpg
675,1200,Image_030.jpg
259,460,Image_031.jpg
400,550,Image_032.jpg
183,275,Image_033.jpg
168,300,Image_034.jpg
720,1280,Image_035.jpg
583,875,Image_036.jpg
720,1280,Image_037.jpg
183,275,Image_038.jpg
253,380,Image_039.jpg
720,1280,Image_040.jpg
683,1024,Image_041.jpg
168,300,Image_042.jpg
428,760,Image_043.jpg
825,1100,Image_044.jpg
1366,2048,Image_045.jpg
480,480,Image_046.jpg
201,251,Image_047.jpg
1200,960,Image_048.jpg
446,670,Image_049.jpg
675,1200,Image_050.jpg
398,598,Image_051.jpg
432,768,Image_052.jpg
168,300,Image_053.jpg
183,275,Image_054.jpg
184,274,Image_055.jpg
183,275,Image_056.jpg
162,311,Image_057.jpg
203,248,Image_058.jpg
1200,806,Image_059.jpg
183,275,Image_060.jpg
2034,3048,Image_061.jpg
284,440,Image_062.jpg
680,1024,Image_063.jpg
183,275,Image_064.jpg
275,183,Image_065.jpg
385,634,Image_066.jpg
480,640,Image_067.jpg
259,194,Image_068.jpg
183,275,Image_069.jpg
640,480,Image_070.jpg
183,275,Image_071.jpg
450,1024,Image_072.jpg
1306,980,Image_073.jpg
1256,2400,Image_074.jpg
460,570,Image_075.jpg
168,299,Image_076.jpg
800,571,Image_077.jpg
400,400,Image_078.jpg
1000,612,Image_079.jpg
1024,1280,Image_080.jpg
408,612,Image_081.jpg
150,336,Image_082.jpg
1300,1117,Image_083.jpg
2292,1524,Image_084.jpg
648,800,Image_085.jpg
179,282,Image_086.jpg
214,300,Image_087.jpg
275,183,Image_088.jpg
600,450,Image_089.jpg
500,750,Image_090.jpg
337,340,Image_091.jpg
3200,2133,Image_092.jpg
900,1200,Image_093.jpg
800,1200,Image_094.jpg
1200,800,Image_095.jpg
561,997,Image_096.jpg
427,640,Image_097.jpg
1536,2048,Image_098.jpg
852,1136,Image_099.jpg
714,1071,Image_100.jpg
600,600,Image_101.jpg
667,1000,Image_102.jpg
434,650,Image_103.jpg
450,720,Image_104.jpg
1584,1884,Image_105.jpg
400,600,Image_106.jpg
900,1600,Image_107.jpg
1136,1600,Image_108.jpg
479,426,Image_109.jpg
324,155,Image_110.jpg
183,275,Image_111.jpg
175,287,Image_112.jpg
224,224,Image_113.jpg
510,236,Image_114.jpg
300,635,Image_115.jpg
213,323,Image_116.jpg
628,964,Image_117.jpg
310,512,Image_118.jpg
406,610,Image_119.jpg
225,225,Image_120.jpg
